-- MySQL Script generated by MySQL Workbench
-- Tue Sep 28 15:12:55 2021
-- Model: New Model    Version: 1.0
-- MySQL Workbench Forward Engineering

SET @OLD_UNIQUE_CHECKS=@@UNIQUE_CHECKS, UNIQUE_CHECKS=0;
SET @OLD_FOREIGN_KEY_CHECKS=@@FOREIGN_KEY_CHECKS, FOREIGN_KEY_CHECKS=0;
SET @OLD_SQL_MODE=@@SQL_MODE, SQL_MODE='ONLY_FULL_GROUP_BY,STRICT_TRANS_TABLES,NO_ZERO_IN_DATE,NO_ZERO_DATE,ERROR_FOR_DIVISION_BY_ZERO,NO_ENGINE_SUBSTITUTION';

-- -----------------------------------------------------
-- Schema car_rental
-- -----------------------------------------------------

-- -----------------------------------------------------
-- Schema car_rental
-- -----------------------------------------------------
CREATE SCHEMA IF NOT EXISTS `car_rental` DEFAULT CHARACTER SET utf8 ;
USE `car_rental` ;

-- -----------------------------------------------------
-- Table `car_rental`.`registration`
-- -----------------------------------------------------
CREATE TABLE IF NOT EXISTS `car_rental`.`registration` (
  `plates` VARCHAR(11) NOT NULL,
  `start_date` DATE NULL,
  `end_date` DATE NULL,
  `price` VARCHAR(45) NULL,
  `vehicle_id` INT NULL,
  PRIMARY KEY (`plates`))
ENGINE = InnoDB;


-- -----------------------------------------------------
-- Table `car_rental`.`vehicles`
-- -----------------------------------------------------
CREATE TABLE IF NOT EXISTS `car_rental`.`vehicles` (
  `vehicle_id` INT NOT NULL AUTO_INCREMENT,
  `manufacture` VARCHAR(45) NULL,
  `model` VARCHAR(45) NULL,
  `age_of_manufacture` YEAR(4) NULL,
  `drive` VARCHAR(45) NULL,
  `emission_standard` VARCHAR(45) NULL,
  `horsepower` INT NULL,
  `torque` INT NULL,
  `fuel_type` VARCHAR(45) NULL,
  `fuel_economy` INT NULL,
  `transmission` VARCHAR(45) NULL,
  `mileage` INT NULL,
  `body_type` VARCHAR(45) NULL,
  `seat_number` INT NULL,
  `offroad` TINYINT NULL,
  `available` TINYINT NULL,
  `pricing_per_day` INT NOT NULL,
  `registration_plates` VARCHAR(11) NOT NULL,
  PRIMARY KEY (`vehicle_id`, `registration_plates`),
  UNIQUE INDEX `vehicle_id_UNIQUE` (`vehicle_id` ASC) VISIBLE,
  INDEX `fk_vehicles_registration1_idx` (`registration_plates` ASC) VISIBLE,
  CONSTRAINT `fk_vehicles_registration1`
    FOREIGN KEY (`registration_plates`)
    REFERENCES `car_rental`.`registration` (`plates`)
    ON DELETE NO ACTION
    ON UPDATE NO ACTION)
ENGINE = InnoDB;


-- -----------------------------------------------------
-- Table `car_rental`.`drivers_licence`
-- -----------------------------------------------------
CREATE TABLE IF NOT EXISTS `car_rental`.`drivers_licence` (
  `drivers_licence_id` VARCHAR(9) NOT NULL,
  `issue_date` DATE NULL,
  `expiration_date` DATE NULL,
  PRIMARY KEY (`drivers_licence_id`),
  UNIQUE INDEX `iddrivers_licence_UNIQUE` (`drivers_licence_id` ASC) VISIBLE)
ENGINE = InnoDB;


-- -----------------------------------------------------
-- Table `car_rental`.`customers`
-- -----------------------------------------------------
CREATE TABLE IF NOT EXISTS `car_rental`.`customers` (
  `customers_id` INT NOT NULL AUTO_INCREMENT,
  `first_name` VARCHAR(45) NULL,
  `last_name` VARCHAR(45) NULL,
  `phone_number` INT NULL,
  `email` VARCHAR(45) NULL,
  `drivers_licence_id` VARCHAR(9) NOT NULL,
  PRIMARY KEY (`customers_id`, `drivers_licence_id`),
  UNIQUE INDEX `customers_id_UNIQUE` (`customers_id` ASC) VISIBLE,
  INDEX `fk_customers_drivers_licence1_idx` (`drivers_licence_id` ASC) VISIBLE,
  CONSTRAINT `fk_customers_drivers_licence1`
    FOREIGN KEY (`drivers_licence_id`)
    REFERENCES `car_rental`.`drivers_licence` (`drivers_licence_id`)
    ON DELETE NO ACTION
    ON UPDATE NO ACTION)
ENGINE = InnoDB;


-- -----------------------------------------------------
-- Table `car_rental`.`position`
-- -----------------------------------------------------
CREATE TABLE IF NOT EXISTS `car_rental`.`position` (
  `position_id` INT NOT NULL AUTO_INCREMENT,
  `position_name` VARCHAR(45) NULL,
  PRIMARY KEY (`position_id`),
  UNIQUE INDEX `position_id_UNIQUE` (`position_id` ASC) VISIBLE)
ENGINE = InnoDB;


-- -----------------------------------------------------
-- Table `car_rental`.`employees`
-- -----------------------------------------------------
CREATE TABLE IF NOT EXISTS `car_rental`.`employees` (
  `employee_id` INT NOT NULL AUTO_INCREMENT,
  `first_name` VARCHAR(45) NULL,
  `last_name` VARCHAR(45) NULL,
  `phone_number` INT NULL,
  `email` VARCHAR(45) NULL,
  `position_id` INT NOT NULL,
  PRIMARY KEY (`employee_id`, `position_id`),
  UNIQUE INDEX `employee_id_UNIQUE` (`employee_id` ASC) VISIBLE,
  INDEX `fk_employees_position1_idx` (`position_id` ASC) VISIBLE,
  CONSTRAINT `fk_employees_position1`
    FOREIGN KEY (`position_id`)
    REFERENCES `car_rental`.`position` (`position_id`)
    ON DELETE NO ACTION
    ON UPDATE NO ACTION)
ENGINE = InnoDB;


-- -----------------------------------------------------
-- Table `car_rental`.`rentals`
-- -----------------------------------------------------
CREATE TABLE IF NOT EXISTS `car_rental`.`rentals` (
  `rental_id` INT NOT NULL AUTO_INCREMENT,
  `contract_start` DATE NULL,
  `contract_end` DATE NULL,
  `customers_id` INT NOT NULL,
  `vehicle_id` INT NOT NULL,
  `employee_id` INT NOT NULL,
  PRIMARY KEY (`rental_id`, `customers_id`, `vehicle_id`, `employee_id`),
  UNIQUE INDEX `idcustomer_contracts_UNIQUE` (`rental_id` ASC) VISIBLE,
  INDEX `fk_customer_contracts_customers1_idx` (`customers_id` ASC) VISIBLE,
  INDEX `fk_rentals_vehicles1_idx` (`vehicle_id` ASC) VISIBLE,
  INDEX `fk_rentals_employees1_idx` (`employee_id` ASC) VISIBLE,
  CONSTRAINT `fk_customer_contracts_customers1`
    FOREIGN KEY (`customers_id`)
    REFERENCES `car_rental`.`customers` (`customers_id`)
    ON DELETE NO ACTION
    ON UPDATE NO ACTION,
  CONSTRAINT `fk_rentals_vehicles1`
    FOREIGN KEY (`vehicle_id`)
    REFERENCES `car_rental`.`vehicles` (`vehicle_id`)
    ON DELETE NO ACTION
    ON UPDATE NO ACTION,
  CONSTRAINT `fk_rentals_employees1`
    FOREIGN KEY (`employee_id`)
    REFERENCES `car_rental`.`employees` (`employee_id`)
    ON DELETE NO ACTION
    ON UPDATE NO ACTION)
ENGINE = InnoDB;


-- -----------------------------------------------------
-- Table `car_rental`.`accessories`
-- -----------------------------------------------------
CREATE TABLE IF NOT EXISTS `car_rental`.`accessories` (
  `accessory_id` INT NOT NULL AUTO_INCREMENT,
  `accessory_name` VARCHAR(45) NULL,
  `accessory_price` INT NULL,
  `available` TINYINT NULL,
  PRIMARY KEY (`accessory_id`),
  UNIQUE INDEX `accessory_id_UNIQUE` (`accessory_id` ASC) VISIBLE)
ENGINE = InnoDB;


-- -----------------------------------------------------
-- Table `car_rental`.`employee_contracts`
-- -----------------------------------------------------
CREATE TABLE IF NOT EXISTS `car_rental`.`employee_contracts` (
  `contract_id` INT NOT NULL AUTO_INCREMENT,
  `contract_start` DATE NULL,
  `contract_end` DATE NULL,
  `employee_id` INT NOT NULL,
  `salary` INT NOT NULL,
  PRIMARY KEY (`contract_id`, `employee_id`),
  UNIQUE INDEX `contract_id_UNIQUE` (`contract_id` ASC) VISIBLE,
  INDEX `fk_employee_contracts_employees1_idx` (`employee_id` ASC) VISIBLE,
  CONSTRAINT `fk_employee_contracts_employees1`
    FOREIGN KEY (`employee_id`)
    REFERENCES `car_rental`.`employees` (`employee_id`)
    ON DELETE NO ACTION
    ON UPDATE NO ACTION)
ENGINE = InnoDB;


-- -----------------------------------------------------
-- Table `car_rental`.`partners`
-- -----------------------------------------------------
CREATE TABLE IF NOT EXISTS `car_rental`.`partners` (
  `partner_id` INT NOT NULL AUTO_INCREMENT,
  `service` VARCHAR(45) NULL,
  `partner_name` VARCHAR(45) NULL,
  PRIMARY KEY (`partner_id`),
  UNIQUE INDEX `partner_id_UNIQUE` (`partner_id` ASC) VISIBLE)
ENGINE = InnoDB;


-- -----------------------------------------------------
-- Table `car_rental`.`partner_contracts`
-- -----------------------------------------------------
CREATE TABLE IF NOT EXISTS `car_rental`.`partner_contracts` (
  `contract_id` INT NOT NULL AUTO_INCREMENT,
  `contract_start` DATETIME NULL,
  `contract_end` DATETIME NULL,
  `partners_id` INT NOT NULL,
  `vehicle_id` INT NOT NULL,
  PRIMARY KEY (`contract_id`, `partners_id`, `vehicle_id`),
  UNIQUE INDEX `contract_id_UNIQUE` (`contract_id` ASC) VISIBLE,
  INDEX `fk_partner_contracts_partners1_idx` (`partners_id` ASC) VISIBLE,
  INDEX `fk_partner_contracts_vehicles1_idx` (`vehicle_id` ASC) VISIBLE,
  CONSTRAINT `fk_partner_contracts_partners1`
    FOREIGN KEY (`partners_id`)
    REFERENCES `car_rental`.`partners` (`partner_id`)
    ON DELETE NO ACTION
    ON UPDATE NO ACTION,
  CONSTRAINT `fk_partner_contracts_vehicles1`
    FOREIGN KEY (`vehicle_id`)
    REFERENCES `car_rental`.`vehicles` (`vehicle_id`)
    ON DELETE NO ACTION
    ON UPDATE NO ACTION)
ENGINE = InnoDB;


-- -----------------------------------------------------
-- Table `car_rental`.`insurance`
-- -----------------------------------------------------
CREATE TABLE IF NOT EXISTS `car_rental`.`insurance` (
  `insurance_id` INT NOT NULL,
  `start_date` DATE NULL,
  `end_date` DATE NULL,
  `price` INT NULL,
  `vehicle_id` INT NOT NULL,
  PRIMARY KEY (`insurance_id`, `vehicle_id`),
  INDEX `fk_insurance_vehicles1_idx` (`vehicle_id` ASC) VISIBLE,
  CONSTRAINT `fk_insurance_vehicles1`
    FOREIGN KEY (`vehicle_id`)
    REFERENCES `car_rental`.`vehicles` (`vehicle_id`)
    ON DELETE NO ACTION
    ON UPDATE NO ACTION)
ENGINE = InnoDB;


-- -----------------------------------------------------
-- Table `car_rental`.`coverage`
-- -----------------------------------------------------
CREATE TABLE IF NOT EXISTS `car_rental`.`coverage` (
  `category_id` INT NOT NULL,
  `desc` VARCHAR(255) NOT NULL,
  PRIMARY KEY (`category_id`));


-- -----------------------------------------------------
-- Table `car_rental`.`insurance_coverage`
-- -----------------------------------------------------
CREATE TABLE IF NOT EXISTS `car_rental`.`insurance_coverage` (
  `vehicle_id` INT NOT NULL,
  `coverage_category_id` INT NOT NULL,
  PRIMARY KEY (`coverage_category_id`, `vehicle_id`),
  INDEX `fk_insurance_coverage_coverage1_idx` (`coverage_category_id` ASC) VISIBLE,
  INDEX `fk_insurance_coverage_insurance1_idx` (`vehicle_id` ASC) VISIBLE,
  CONSTRAINT `fk_insurance_coverage_insurance1`
    FOREIGN KEY (`vehicle_id`)
    REFERENCES `car_rental`.`insurance` (`insurance_id`)
    ON DELETE NO ACTION
    ON UPDATE NO ACTION,
  CONSTRAINT `fk_insurance_coverage_coverage1`
    FOREIGN KEY (`coverage_category_id`)
    REFERENCES `car_rental`.`coverage` (`category_id`)
    ON DELETE NO ACTION
    ON UPDATE NO ACTION);


-- -----------------------------------------------------
-- Table `car_rental`.`rental-accessories`
-- -----------------------------------------------------
CREATE TABLE IF NOT EXISTS `car_rental`.`rental-accessories` (
  `rental_id` INT NOT NULL,
  `accessory_id` INT NOT NULL,
  PRIMARY KEY (`rental_id`, `accessory_id`),
  INDEX `fk_rental-accessories_accessories1_idx` (`accessory_id` ASC) VISIBLE,
  CONSTRAINT `fk_rental-accessories_rentals1`
    FOREIGN KEY (`rental_id`)
    REFERENCES `car_rental`.`rentals` (`rental_id`)
    ON DELETE NO ACTION
    ON UPDATE NO ACTION,
  CONSTRAINT `fk_rental-accessories_accessories1`
    FOREIGN KEY (`accessory_id`)
    REFERENCES `car_rental`.`accessories` (`accessory_id`)
    ON DELETE NO ACTION
    ON UPDATE NO ACTION)
ENGINE = InnoDB;


-- -----------------------------------------------------
-- Data for table `car_rental`.`registration`
-- -----------------------------------------------------
START TRANSACTION;
USE `car_rental`;
INSERT INTO `car_rental`.`registration` (`plates`, `start_date`, `end_date`, `price`, `vehicle_id`) VALUES ('M42-K-173', '2021-04-16', '2022-04-16', '1021', 1);
INSERT INTO `car_rental`.`registration` (`plates`, `start_date`, `end_date`, `price`, `vehicle_id`) VALUES ('K65-M-431', '2021-04-30', '2022-04-30', '1019', 2);
INSERT INTO `car_rental`.`registration` (`plates`, `start_date`, `end_date`, `price`, `vehicle_id`) VALUES ('T55-E-556', '2020-06-28', '2021-06-28', '1059', 3);
INSERT INTO `car_rental`.`registration` (`plates`, `start_date`, `end_date`, `price`, `vehicle_id`) VALUES ('A12-M-344', '2020-10-04', '2021-10-04', '795', 4);
INSERT INTO `car_rental`.`registration` (`plates`, `start_date`, `end_date`, `price`, `vehicle_id`) VALUES ('O78-M-642', '2021-03-17', '2022-03-17', '458', 5);

COMMIT;


-- -----------------------------------------------------
-- Data for table `car_rental`.`vehicles`
-- -----------------------------------------------------
START TRANSACTION;
USE `car_rental`;
INSERT INTO `car_rental`.`vehicles` (`vehicle_id`, `manufacture`, `model`, `age_of_manufacture`, `drive`, `emission_standard`, `horsepower`, `torque`, `fuel_type`, `fuel_economy`, `transmission`, `mileage`, `body_type`, `seat_number`, `offroad`, `available`, `pricing_per_day`, `registration_plates`) VALUES (1, 'mercedes', 'e63s', 2019, '4matic+', '5', 606, 800, 'gasoline', 14, 'automatic', 30000, 'sedan', 4, 0, 1, 250, DEFAULT);
INSERT INTO `car_rental`.`vehicles` (`vehicle_id`, `manufacture`, `model`, `age_of_manufacture`, `drive`, `emission_standard`, `horsepower`, `torque`, `fuel_type`, `fuel_economy`, `transmission`, `mileage`, `body_type`, `seat_number`, `offroad`, `available`, `pricing_per_day`, `registration_plates`) VALUES (2, 'mercedes', 'G-class', 2016, '4matic+', '1', 720, 1200, 'gasoline', 20, 'automatic', 45200, 'SUV', 5, 1, 0, 200, DEFAULT);
INSERT INTO `car_rental`.`vehicles` (`vehicle_id`, `manufacture`, `model`, `age_of_manufacture`, `drive`, `emission_standard`, `horsepower`, `torque`, `fuel_type`, `fuel_economy`, `transmission`, `mileage`, `body_type`, `seat_number`, `offroad`, `available`, `pricing_per_day`, `registration_plates`) VALUES (3, 'mercedes', 'GLE coupe', 2020, '4matic+', '3', 385, 384, 'gasoline', 14, 'automatic', 23000, 'SUV', 5, 1, 1, 300, DEFAULT);
INSERT INTO `car_rental`.`vehicles` (`vehicle_id`, `manufacture`, `model`, `age_of_manufacture`, `drive`, `emission_standard`, `horsepower`, `torque`, `fuel_type`, `fuel_economy`, `transmission`, `mileage`, `body_type`, `seat_number`, `offroad`, `available`, `pricing_per_day`, `registration_plates`) VALUES (4, 'BMW', '330i sport', 2019, 'x-drive', '4', 420, 456, 'diesel', 16, 'automatic', 69000, 'sedan', 5, 0, 0, 250, DEFAULT);
INSERT INTO `car_rental`.`vehicles` (`vehicle_id`, `manufacture`, `model`, `age_of_manufacture`, `drive`, `emission_standard`, `horsepower`, `torque`, `fuel_type`, `fuel_economy`, `transmission`, `mileage`, `body_type`, `seat_number`, `offroad`, `available`, `pricing_per_day`, `registration_plates`) VALUES (5, 'renault', 'twingo', 2013, 'front', '1', 60, 200, 'LPG', 4, 'manual', 210000, 'hatchback', 4, 0, 1, 100, DEFAULT);

COMMIT;


-- -----------------------------------------------------
-- Data for table `car_rental`.`drivers_licence`
-- -----------------------------------------------------
START TRANSACTION;
USE `car_rental`;
INSERT INTO `car_rental`.`drivers_licence` (`drivers_licence_id`, `issue_date`, `expiration_date`) VALUES ('6TA7812OM', '2016-07-14', '2026-07-14');
INSERT INTO `car_rental`.`drivers_licence` (`drivers_licence_id`, `issue_date`, `expiration_date`) VALUES ('12K69AE36', '2015-08-31', '2025-08-31');
INSERT INTO `car_rental`.`drivers_licence` (`drivers_licence_id`, `issue_date`, `expiration_date`) VALUES ('AE2540T58', '2013-12-13', '2023-12-13');

COMMIT;


-- -----------------------------------------------------
-- Data for table `car_rental`.`customers`
-- -----------------------------------------------------
START TRANSACTION;
USE `car_rental`;
INSERT INTO `car_rental`.`customers` (`customers_id`, `first_name`, `last_name`, `phone_number`, `email`, `drivers_licence_id`) VALUES (1, 'Mario', 'Jurenić', 062547896, 'mario.jurenic@gmail.com', '6TA7812OM');
INSERT INTO `car_rental`.`customers` (`customers_id`, `first_name`, `last_name`, `phone_number`, `email`, `drivers_licence_id`) VALUES (2, 'Himzo', 'Četvrtina', 0603287456, 'himzo.cetvrt@gmail.com', '12K69AE36');
INSERT INTO `car_rental`.`customers` (`customers_id`, `first_name`, `last_name`, `phone_number`, `email`, `drivers_licence_id`) VALUES (3, 'Lamija', 'Uzbrdica', 061589653, 'lamija.uzb@gmail.com', 'AE2540T58');
INSERT INTO `car_rental`.`customers` (`customers_id`, `first_name`, `last_name`, `phone_number`, `email`, `drivers_licence_id`) VALUES (4, 'Hana', 'Macić', 063125478, 'hana.mac@gmail.com', '14TAE587M');

COMMIT;


-- -----------------------------------------------------
-- Data for table `car_rental`.`position`
-- -----------------------------------------------------
START TRANSACTION;
USE `car_rental`;
INSERT INTO `car_rental`.`position` (`position_id`, `position_name`) VALUES (1, 'boss');
INSERT INTO `car_rental`.`position` (`position_id`, `position_name`) VALUES (2, 'salesperson');
INSERT INTO `car_rental`.`position` (`position_id`, `position_name`) VALUES (3, 'secretary');

COMMIT;


-- -----------------------------------------------------
-- Data for table `car_rental`.`employees`
-- -----------------------------------------------------
START TRANSACTION;
USE `car_rental`;
INSERT INTO `car_rental`.`employees` (`employee_id`, `first_name`, `last_name`, `phone_number`, `email`, `position_id`) VALUES (1, 'Muhamed', 'Hamzić', 062548796, 'muhamed.hamzic@stu.ibu.edu.ba', 2);
INSERT INTO `car_rental`.`employees` (`employee_id`, `first_name`, `last_name`, `phone_number`, `email`, `position_id`) VALUES (2, 'Sandi', 'Stokanović', 062170360, 'sandi.stokanovic@stu.ibu.edu.ba', 2);
INSERT INTO `car_rental`.`employees` (`employee_id`, `first_name`, `last_name`, `phone_number`, `email`, `position_id`) VALUES (3, 'Amina', 'Nišić', 0603256989, 'amina.nisic@stu.ibu.edu.ba', 3);
INSERT INTO `car_rental`.`employees` (`employee_id`, `first_name`, `last_name`, `phone_number`, `email`, `position_id`) VALUES (4, 'Rania', 'Weiss', 062569896, 'rania.weiss@stu.ibu.edu.ba', 1);

COMMIT;


-- -----------------------------------------------------
-- Data for table `car_rental`.`rentals`
-- -----------------------------------------------------
START TRANSACTION;
USE `car_rental`;
INSERT INTO `car_rental`.`rentals` (`rental_id`, `contract_start`, `contract_end`, `customers_id`, `vehicle_id`, `employee_id`) VALUES (1, '2020-09-12', '2020-09-19', 1, 1, 4);
INSERT INTO `car_rental`.`rentals` (`rental_id`, `contract_start`, `contract_end`, `customers_id`, `vehicle_id`, `employee_id`) VALUES (2, '2020-11-05', '2020-11-15', 2, 1, 4);
INSERT INTO `car_rental`.`rentals` (`rental_id`, `contract_start`, `contract_end`, `customers_id`, `vehicle_id`, `employee_id`) VALUES (3, '2021-04-06', '2021-04-16', 3, 1, 2);
INSERT INTO `car_rental`.`rentals` (`rental_id`, `contract_start`, `contract_end`, `customers_id`, `vehicle_id`, `employee_id`) VALUES (4, '2021-04-22', '2021-04-30', 4, 1, 1);
INSERT INTO `car_rental`.`rentals` (`rental_id`, `contract_start`, `contract_end`, `customers_id`, `vehicle_id`, `employee_id`) VALUES (5, '2020-10-21', '2020-10-31', 2, 2, 1);
INSERT INTO `car_rental`.`rentals` (`rental_id`, `contract_start`, `contract_end`, `customers_id`, `vehicle_id`, `employee_id`) VALUES (6, '2020-11-09', '2020-11-30', 3, 2, 2);
INSERT INTO `car_rental`.`rentals` (`rental_id`, `contract_start`, `contract_end`, `customers_id`, `vehicle_id`, `employee_id`) VALUES (7, '2021-01-05', '2021-01-15', 4, 2, 4);
INSERT INTO `car_rental`.`rentals` (`rental_id`, `contract_start`, `contract_end`, `customers_id`, `vehicle_id`, `employee_id`) VALUES (8, '2021-04-30', '2021-05-19', 1, 2, 1);
INSERT INTO `car_rental`.`rentals` (`rental_id`, `contract_start`, `contract_end`, `customers_id`, `vehicle_id`, `employee_id`) VALUES (9, '2020-09-16', '2020-09-26', 3, 3, 4);
INSERT INTO `car_rental`.`rentals` (`rental_id`, `contract_start`, `contract_end`, `customers_id`, `vehicle_id`, `employee_id`) VALUES (10, '2020-10-29', '2020-11-13', 4, 3, 1);
INSERT INTO `car_rental`.`rentals` (`rental_id`, `contract_start`, `contract_end`, `customers_id`, `vehicle_id`, `employee_id`) VALUES (11, '2020-12-15', '2020-12-22', 1, 3, 2);
INSERT INTO `car_rental`.`rentals` (`rental_id`, `contract_start`, `contract_end`, `customers_id`, `vehicle_id`, `employee_id`) VALUES (12, '2021-02-03', '2021-02-15', 2, 3, 1);
INSERT INTO `car_rental`.`rentals` (`rental_id`, `contract_start`, `contract_end`, `customers_id`, `vehicle_id`, `employee_id`) VALUES (13, '2020-11-01', '2020-11-15', 4, 4, 2);
INSERT INTO `car_rental`.`rentals` (`rental_id`, `contract_start`, `contract_end`, `customers_id`, `vehicle_id`, `employee_id`) VALUES (14, '2021-01-19', '2021-01-31', 1, 4, 1);
INSERT INTO `car_rental`.`rentals` (`rental_id`, `contract_start`, `contract_end`, `customers_id`, `vehicle_id`, `employee_id`) VALUES (15, '2021-02-01', '2021-02-16', 2, 4, 4);
INSERT INTO `car_rental`.`rentals` (`rental_id`, `contract_start`, `contract_end`, `customers_id`, `vehicle_id`, `employee_id`) VALUES (16, '2021-04-25', '2021-05-15', 3, 4, 2);
INSERT INTO `car_rental`.`rentals` (`rental_id`, `contract_start`, `contract_end`, `customers_id`, `vehicle_id`, `employee_id`) VALUES (17, '2020-12-03', '2020-12-07', 1, 5, 1);
INSERT INTO `car_rental`.`rentals` (`rental_id`, `contract_start`, `contract_end`, `customers_id`, `vehicle_id`, `employee_id`) VALUES (18, '2021-02-25', '2021-03-13', 2, 5, 4);
INSERT INTO `car_rental`.`rentals` (`rental_id`, `contract_start`, `contract_end`, `customers_id`, `vehicle_id`, `employee_id`) VALUES (19, '2021-03-29', '2021-04-05', 3, 5, 2);
INSERT INTO `car_rental`.`rentals` (`rental_id`, `contract_start`, `contract_end`, `customers_id`, `vehicle_id`, `employee_id`) VALUES (20, '2021-04-12', '2021-04-22', 4, 5, 2);

COMMIT;


-- -----------------------------------------------------
-- Data for table `car_rental`.`accessories`
-- -----------------------------------------------------
START TRANSACTION;
USE `car_rental`;
INSERT INTO `car_rental`.`accessories` (`accessory_id`, `accessory_name`, `accessory_price`, `available`) VALUES (1, 'children\'s car seat', 20, 0);
INSERT INTO `car_rental`.`accessories` (`accessory_id`, `accessory_name`, `accessory_price`, `available`) VALUES (2, 'bluetooth transmitter', 5, 1);
INSERT INTO `car_rental`.`accessories` (`accessory_id`, `accessory_name`, `accessory_price`, `available`) VALUES (3, 'car charger', 6, 0);
INSERT INTO `car_rental`.`accessories` (`accessory_id`, `accessory_name`, `accessory_price`, `available`) VALUES (4, 'phone holder', 4, 1);

COMMIT;


-- -----------------------------------------------------
-- Data for table `car_rental`.`employee_contracts`
-- -----------------------------------------------------
START TRANSACTION;
USE `car_rental`;
INSERT INTO `car_rental`.`employee_contracts` (`contract_id`, `contract_start`, `contract_end`, `employee_id`, `salary`) VALUES (1, '2020-10-05', '2021-01-05', 1, 1200);
INSERT INTO `car_rental`.`employee_contracts` (`contract_id`, `contract_start`, `contract_end`, `employee_id`, `salary`) VALUES (2, '2020-06-11', '2020-09-11', 2, 1200);
INSERT INTO `car_rental`.`employee_contracts` (`contract_id`, `contract_start`, `contract_end`, `employee_id`, `salary`) VALUES (3, '2020-08-18', '2020-11-18', 3, 900);
INSERT INTO `car_rental`.`employee_contracts` (`contract_id`, `contract_start`, `contract_end`, `employee_id`, `salary`) VALUES (4, '2021-01-05', '2024-01-05', 1, 1850);
INSERT INTO `car_rental`.`employee_contracts` (`contract_id`, `contract_start`, `contract_end`, `employee_id`, `salary`) VALUES (5, '2020-09-11', '2023-09-11', 2, 1850);
INSERT INTO `car_rental`.`employee_contracts` (`contract_id`, `contract_start`, `contract_end`, `employee_id`, `salary`) VALUES (6, '2020-11-18', '2023-11-18', 3, 1300);

COMMIT;


-- -----------------------------------------------------
-- Data for table `car_rental`.`partners`
-- -----------------------------------------------------
START TRANSACTION;
USE `car_rental`;
INSERT INTO `car_rental`.`partners` (`partner_id`, `service`, `partner_name`) VALUES (1, 'mechanic', 'Džemal auto d.o.o.');
INSERT INTO `car_rental`.`partners` (`partner_id`, `service`, `partner_name`) VALUES (2, 'mechanic', 'Amel d.o.o.');
INSERT INTO `car_rental`.`partners` (`partner_id`, `service`, `partner_name`) VALUES (3, 'reposession', 'Blanc d.o.o.');
INSERT INTO `car_rental`.`partners` (`partner_id`, `service`, `partner_name`) VALUES (4, 'detailer', 'Cleanex d.o.o.');

COMMIT;


-- -----------------------------------------------------
-- Data for table `car_rental`.`partner_contracts`
-- -----------------------------------------------------
START TRANSACTION;
USE `car_rental`;
INSERT INTO `car_rental`.`partner_contracts` (`contract_id`, `contract_start`, `contract_end`, `partners_id`, `vehicle_id`) VALUES (1, '2020-06-04', '2020-12-04', 1, 4);
INSERT INTO `car_rental`.`partner_contracts` (`contract_id`, `contract_start`, `contract_end`, `partners_id`, `vehicle_id`) VALUES (2, '2020-11-17', '2025-11-17', 2, 1);
INSERT INTO `car_rental`.`partner_contracts` (`contract_id`, `contract_start`, `contract_end`, `partners_id`, `vehicle_id`) VALUES (3, '2020-10-28', '2022-10-28', 3, 1);
INSERT INTO `car_rental`.`partner_contracts` (`contract_id`, `contract_start`, `contract_end`, `partners_id`, `vehicle_id`) VALUES (4, '2020-09-16', '2023-09-16', 4, 1);
INSERT INTO `car_rental`.`partner_contracts` (`contract_id`, `contract_start`, `contract_end`, `partners_id`, `vehicle_id`) VALUES (5, '2020-12-04', '2022-12-04', 1, 4);
INSERT INTO `car_rental`.`partner_contracts` (`contract_id`, `contract_start`, `contract_end`, `partners_id`, `vehicle_id`) VALUES (6, '2020-06-04', '2020-12-04', 1, 5);
INSERT INTO `car_rental`.`partner_contracts` (`contract_id`, `contract_start`, `contract_end`, `partners_id`, `vehicle_id`) VALUES (7, '2020-12-04', '2022-12-04', 1, 5);
INSERT INTO `car_rental`.`partner_contracts` (`contract_id`, `contract_start`, `contract_end`, `partners_id`, `vehicle_id`) VALUES (8, '2020-11-17', '2025-11-17', 2, 2);
INSERT INTO `car_rental`.`partner_contracts` (`contract_id`, `contract_start`, `contract_end`, `partners_id`, `vehicle_id`) VALUES (9, '2020-11-17', '2025-11-17', 2, 3);
INSERT INTO `car_rental`.`partner_contracts` (`contract_id`, `contract_start`, `contract_end`, `partners_id`, `vehicle_id`) VALUES (10, '2020-10-28', '2022-10-28', 3, 2);
INSERT INTO `car_rental`.`partner_contracts` (`contract_id`, `contract_start`, `contract_end`, `partners_id`, `vehicle_id`) VALUES (11, '2020-10-28', '2022-10-28', 3, 3);
INSERT INTO `car_rental`.`partner_contracts` (`contract_id`, `contract_start`, `contract_end`, `partners_id`, `vehicle_id`) VALUES (12, '2020-10-28', '2022-10-28', 3, 4);
INSERT INTO `car_rental`.`partner_contracts` (`contract_id`, `contract_start`, `contract_end`, `partners_id`, `vehicle_id`) VALUES (13, '2020-10-28', '2022-10-28', 3, 5);
INSERT INTO `car_rental`.`partner_contracts` (`contract_id`, `contract_start`, `contract_end`, `partners_id`, `vehicle_id`) VALUES (14, '2020-09-16', '2023-09-16', 4, 2);
INSERT INTO `car_rental`.`partner_contracts` (`contract_id`, `contract_start`, `contract_end`, `partners_id`, `vehicle_id`) VALUES (15, '2020-09-16', '2023-09-16', 4, 3);
INSERT INTO `car_rental`.`partner_contracts` (`contract_id`, `contract_start`, `contract_end`, `partners_id`, `vehicle_id`) VALUES (16, '2020-09-16', '2023-09-16', 4, 4);
INSERT INTO `car_rental`.`partner_contracts` (`contract_id`, `contract_start`, `contract_end`, `partners_id`, `vehicle_id`) VALUES (17, '2020-09-16', '2023-09-16', 4, 5);

COMMIT;


-- -----------------------------------------------------
-- Data for table `car_rental`.`insurance`
-- -----------------------------------------------------
START TRANSACTION;
USE `car_rental`;
INSERT INTO `car_rental`.`insurance` (`insurance_id`, `start_date`, `end_date`, `price`, `vehicle_id`) VALUES (1, '2020-02-01', '2020-06-15', 2000, 1);
INSERT INTO `car_rental`.`insurance` (`insurance_id`, `start_date`, `end_date`, `price`, `vehicle_id`) VALUES (2, '2020-06-16', '2021-01-01', 2000, 1);
INSERT INTO `car_rental`.`insurance` (`insurance_id`, `start_date`, `end_date`, `price`, `vehicle_id`) VALUES (3, '2021-01-02', '2021-06-16', 2000, 1);
INSERT INTO `car_rental`.`insurance` (`insurance_id`, `start_date`, `end_date`, `price`, `vehicle_id`) VALUES (4, '2020-03-01', '2020-07-15', 1750, 2);
INSERT INTO `car_rental`.`insurance` (`insurance_id`, `start_date`, `end_date`, `price`, `vehicle_id`) VALUES (5, '2020-07-16', '2021-01-02', 1750, 2);
INSERT INTO `car_rental`.`insurance` (`insurance_id`, `start_date`, `end_date`, `price`, `vehicle_id`) VALUES (6, '2021-01-03', '2021-06-15', 1750, 2);
INSERT INTO `car_rental`.`insurance` (`insurance_id`, `start_date`, `end_date`, `price`, `vehicle_id`) VALUES (7, '2019-01-01', '2021-06-06', 5600, 3);
INSERT INTO `car_rental`.`insurance` (`insurance_id`, `start_date`, `end_date`, `price`, `vehicle_id`) VALUES (8, '2019-06-05', '2020-07-05', 3250, 4);
INSERT INTO `car_rental`.`insurance` (`insurance_id`, `start_date`, `end_date`, `price`, `vehicle_id`) VALUES (9, '2020-07-06', '2021-07-06', 3250, 4);
INSERT INTO `car_rental`.`insurance` (`insurance_id`, `start_date`, `end_date`, `price`, `vehicle_id`) VALUES (10, '2017-01-01', '2019-01-01', 1000, 5);
INSERT INTO `car_rental`.`insurance` (`insurance_id`, `start_date`, `end_date`, `price`, `vehicle_id`) VALUES (11, '2019-01-01', '2020-01-01', 700, 5);
INSERT INTO `car_rental`.`insurance` (`insurance_id`, `start_date`, `end_date`, `price`, `vehicle_id`) VALUES (12, '2020-01-01', '2021-06-06', 900, 5);

COMMIT;


-- -----------------------------------------------------
-- Data for table `car_rental`.`coverage`
-- -----------------------------------------------------
START TRANSACTION;
USE `car_rental`;
INSERT INTO `car_rental`.`coverage` (`category_id`, `desc`) VALUES (1, 'bodily injury liability');
INSERT INTO `car_rental`.`coverage` (`category_id`, `desc`) VALUES (2, 'medical payments');
INSERT INTO `car_rental`.`coverage` (`category_id`, `desc`) VALUES (3, 'personal injury protection');
INSERT INTO `car_rental`.`coverage` (`category_id`, `desc`) VALUES (4, 'property damage liability');
INSERT INTO `car_rental`.`coverage` (`category_id`, `desc`) VALUES (5, 'collision');
INSERT INTO `car_rental`.`coverage` (`category_id`, `desc`) VALUES (6, 'comprehensive');
INSERT INTO `car_rental`.`coverage` (`category_id`, `desc`) VALUES (7, 'uninsured and underinsured motorist coverage');
INSERT INTO `car_rental`.`coverage` (`category_id`, `desc`) VALUES (8, 'towing and labor cost coverage');

COMMIT;


-- -----------------------------------------------------
-- Data for table `car_rental`.`insurance_coverage`
-- -----------------------------------------------------
START TRANSACTION;
USE `car_rental`;
INSERT INTO `car_rental`.`insurance_coverage` (`vehicle_id`, `coverage_category_id`) VALUES (1, 1);
INSERT INTO `car_rental`.`insurance_coverage` (`vehicle_id`, `coverage_category_id`) VALUES (1, 2);
INSERT INTO `car_rental`.`insurance_coverage` (`vehicle_id`, `coverage_category_id`) VALUES (1, 3);
INSERT INTO `car_rental`.`insurance_coverage` (`vehicle_id`, `coverage_category_id`) VALUES (1, 4);
INSERT INTO `car_rental`.`insurance_coverage` (`vehicle_id`, `coverage_category_id`) VALUES (1, 5);
INSERT INTO `car_rental`.`insurance_coverage` (`vehicle_id`, `coverage_category_id`) VALUES (1, 6);
INSERT INTO `car_rental`.`insurance_coverage` (`vehicle_id`, `coverage_category_id`) VALUES (1, 7);
INSERT INTO `car_rental`.`insurance_coverage` (`vehicle_id`, `coverage_category_id`) VALUES (2, 1);
INSERT INTO `car_rental`.`insurance_coverage` (`vehicle_id`, `coverage_category_id`) VALUES (2, 2);
INSERT INTO `car_rental`.`insurance_coverage` (`vehicle_id`, `coverage_category_id`) VALUES (2, 3);
INSERT INTO `car_rental`.`insurance_coverage` (`vehicle_id`, `coverage_category_id`) VALUES (2, 4);
INSERT INTO `car_rental`.`insurance_coverage` (`vehicle_id`, `coverage_category_id`) VALUES (2, 5);
INSERT INTO `car_rental`.`insurance_coverage` (`vehicle_id`, `coverage_category_id`) VALUES (2, 6);
INSERT INTO `car_rental`.`insurance_coverage` (`vehicle_id`, `coverage_category_id`) VALUES (2, 7);
INSERT INTO `car_rental`.`insurance_coverage` (`vehicle_id`, `coverage_category_id`) VALUES (3, 1);
INSERT INTO `car_rental`.`insurance_coverage` (`vehicle_id`, `coverage_category_id`) VALUES (3, 2);
INSERT INTO `car_rental`.`insurance_coverage` (`vehicle_id`, `coverage_category_id`) VALUES (3, 3);
INSERT INTO `car_rental`.`insurance_coverage` (`vehicle_id`, `coverage_category_id`) VALUES (3, 4);
INSERT INTO `car_rental`.`insurance_coverage` (`vehicle_id`, `coverage_category_id`) VALUES (3, 5);
INSERT INTO `car_rental`.`insurance_coverage` (`vehicle_id`, `coverage_category_id`) VALUES (3, 6);
INSERT INTO `car_rental`.`insurance_coverage` (`vehicle_id`, `coverage_category_id`) VALUES (3, 7);
INSERT INTO `car_rental`.`insurance_coverage` (`vehicle_id`, `coverage_category_id`) VALUES (4, 1);
INSERT INTO `car_rental`.`insurance_coverage` (`vehicle_id`, `coverage_category_id`) VALUES (4, 2);
INSERT INTO `car_rental`.`insurance_coverage` (`vehicle_id`, `coverage_category_id`) VALUES (4, 3);
INSERT INTO `car_rental`.`insurance_coverage` (`vehicle_id`, `coverage_category_id`) VALUES (4, 5);
INSERT INTO `car_rental`.`insurance_coverage` (`vehicle_id`, `coverage_category_id`) VALUES (4, 6);
INSERT INTO `car_rental`.`insurance_coverage` (`vehicle_id`, `coverage_category_id`) VALUES (5, 1);
INSERT INTO `car_rental`.`insurance_coverage` (`vehicle_id`, `coverage_category_id`) VALUES (5, 2);
INSERT INTO `car_rental`.`insurance_coverage` (`vehicle_id`, `coverage_category_id`) VALUES (5, 3);
INSERT INTO `car_rental`.`insurance_coverage` (`vehicle_id`, `coverage_category_id`) VALUES (5, 5);
INSERT INTO `car_rental`.`insurance_coverage` (`vehicle_id`, `coverage_category_id`) VALUES (5, 6);
INSERT INTO `car_rental`.`insurance_coverage` (`vehicle_id`, `coverage_category_id`) VALUES (6, 1);
INSERT INTO `car_rental`.`insurance_coverage` (`vehicle_id`, `coverage_category_id`) VALUES (6, 2);
INSERT INTO `car_rental`.`insurance_coverage` (`vehicle_id`, `coverage_category_id`) VALUES (6, 3);
INSERT INTO `car_rental`.`insurance_coverage` (`vehicle_id`, `coverage_category_id`) VALUES (6, 5);
INSERT INTO `car_rental`.`insurance_coverage` (`vehicle_id`, `coverage_category_id`) VALUES (6, 6);
INSERT INTO `car_rental`.`insurance_coverage` (`vehicle_id`, `coverage_category_id`) VALUES (7, 1);
INSERT INTO `car_rental`.`insurance_coverage` (`vehicle_id`, `coverage_category_id`) VALUES (7, 2);
INSERT INTO `car_rental`.`insurance_coverage` (`vehicle_id`, `coverage_category_id`) VALUES (7, 3);
INSERT INTO `car_rental`.`insurance_coverage` (`vehicle_id`, `coverage_category_id`) VALUES (7, 4);
INSERT INTO `car_rental`.`insurance_coverage` (`vehicle_id`, `coverage_category_id`) VALUES (7, 5);
INSERT INTO `car_rental`.`insurance_coverage` (`vehicle_id`, `coverage_category_id`) VALUES (7, 6);
INSERT INTO `car_rental`.`insurance_coverage` (`vehicle_id`, `coverage_category_id`) VALUES (7, 7);
INSERT INTO `car_rental`.`insurance_coverage` (`vehicle_id`, `coverage_category_id`) VALUES (7, 8);
INSERT INTO `car_rental`.`insurance_coverage` (`vehicle_id`, `coverage_category_id`) VALUES (8, 1);
INSERT INTO `car_rental`.`insurance_coverage` (`vehicle_id`, `coverage_category_id`) VALUES (8, 2);
INSERT INTO `car_rental`.`insurance_coverage` (`vehicle_id`, `coverage_category_id`) VALUES (8, 3);
INSERT INTO `car_rental`.`insurance_coverage` (`vehicle_id`, `coverage_category_id`) VALUES (8, 7);
INSERT INTO `car_rental`.`insurance_coverage` (`vehicle_id`, `coverage_category_id`) VALUES (8, 8);
INSERT INTO `car_rental`.`insurance_coverage` (`vehicle_id`, `coverage_category_id`) VALUES (9, 1);
INSERT INTO `car_rental`.`insurance_coverage` (`vehicle_id`, `coverage_category_id`) VALUES (9, 2);
INSERT INTO `car_rental`.`insurance_coverage` (`vehicle_id`, `coverage_category_id`) VALUES (9, 3);
INSERT INTO `car_rental`.`insurance_coverage` (`vehicle_id`, `coverage_category_id`) VALUES (9, 7);
INSERT INTO `car_rental`.`insurance_coverage` (`vehicle_id`, `coverage_category_id`) VALUES (9, 8);
INSERT INTO `car_rental`.`insurance_coverage` (`vehicle_id`, `coverage_category_id`) VALUES (10, 1);
INSERT INTO `car_rental`.`insurance_coverage` (`vehicle_id`, `coverage_category_id`) VALUES (10, 2);
INSERT INTO `car_rental`.`insurance_coverage` (`vehicle_id`, `coverage_category_id`) VALUES (10, 3);
INSERT INTO `car_rental`.`insurance_coverage` (`vehicle_id`, `coverage_category_id`) VALUES (11, 1);
INSERT INTO `car_rental`.`insurance_coverage` (`vehicle_id`, `coverage_category_id`) VALUES (11, 2);
INSERT INTO `car_rental`.`insurance_coverage` (`vehicle_id`, `coverage_category_id`) VALUES (11, 3);
INSERT INTO `car_rental`.`insurance_coverage` (`vehicle_id`, `coverage_category_id`) VALUES (12, 1);
INSERT INTO `car_rental`.`insurance_coverage` (`vehicle_id`, `coverage_category_id`) VALUES (12, 2);
INSERT INTO `car_rental`.`insurance_coverage` (`vehicle_id`, `coverage_category_id`) VALUES (12, 3);

COMMIT;


-- -----------------------------------------------------
-- Data for table `car_rental`.`rental-accessories`
-- -----------------------------------------------------
START TRANSACTION;
USE `car_rental`;
INSERT INTO `car_rental`.`rental-accessories` (`rental_id`, `accessory_id`) VALUES (2, 1);
INSERT INTO `car_rental`.`rental-accessories` (`rental_id`, `accessory_id`) VALUES (4, 3);

COMMIT;


SET SQL_MODE=@OLD_SQL_MODE;
SET FOREIGN_KEY_CHECKS=@OLD_FOREIGN_KEY_CHECKS;
SET UNIQUE_CHECKS=@OLD_UNIQUE_CHECKS;
